Cicle,Points,Holesfactors,Linesfactor,Heigthfactor
0,2060.0,1271.8953713950718,1399.0849085345792,1862.1820132595253
1,1200.0,1156.2685194500652,1399.0849085345792,1862.1820132595253
2,1220.0,1271.8953713950718,1399.0849085345792,1862.1820132595253
3,1720.0,1271.8953713950718,1538.9933993880372,1862.1820132595253
4,1300.0,1271.8953713950718,1538.9933993880372,2048.400214585478
