Cicle,Points,Holesfactors,Linesfactor,Heigthfactor
0,1540.0,17.449402268886445,45.25925556817607,28.102436848064315
1,1190.0,19.19434249577509,45.25925556817607,28.102436848064315
