Cicle,Points,Holesfactors,Linesfactor,Heigthfactor
0,1260.0,1.2100000000000002,1.0,1.1
1,1120.0,1.2100000000000002,1.0,1.2100000000000002
