Cicle,Points,Holesfactors,Linesfactor,Heigthfactor
0,1240.0,1399.0849085345792,1156.2685194500652,3991.7525258063934
1,2360.0,1399.0849085345792,1271.8953713950718,3991.7525258063934
2,1100.0,1399.0849085345792,1399.0849085345792,3991.7525258063934
